{
    "fx": 676.6192195641298,
    "fy": 676.8359339562655,
    "cx": 385.1137834870396,
    "cy": 201.81402152233636,
    "dist": [ 0.01632932, -0.36390723, -0.01638719,  0.02577886,  0.93133364]
  }
  