{
    "fx" : 1070.6915287567535,
    "fy" : 1067.0306009135409,
    "cx" : 323.3232144492538,
    "cy" : 323.54374730910564
}