{
    "fx": 1243.9050420662647,
    "fy": 734.3560485725432,
    "cx": 1244.0554170071775,
    "cy": 432.9300208578099,
    "dist": [
        0.2224225684034153,
        -1.2475763139669307,
        0.009186713230695837,
        0.012336104933831325,
        2.450332662922446
    ]
}