{
    "fx": 595.7487947787047,
    "fy": 595.9156142635239,
    "cx": 309.56098609995973,
    "cy": 248.43377626597933
}