{
    "fx": 671.7353387615264,
    "fy": 676.3792450156916,
    "cx": 378.77904795628274,
    "cy": 272.38729137395103,
    "dist": [-0.10392609, -0.63257957, -0.01078108,  0.00174896,  0.90013624]
}