{
    "fx" : 763.5122651527078,
    "fy" : 763.7819980497553,
    "cx" : 412.2642419857442,
    "cy" : 224.2395868564357
  
}