{
    "fx" : 559.7699205140387,
    "fy" : 561.9898855409883,
    "cx" : 368.2361920292215,
    "cy" : 225.225099916301
}